<?xml version="1.0" encoding="UTF-8" ?><inp1:ErpImportBulkDataEvent xmlns:inp1="http://xmlns.oracle.com/apps/financials/commonModules/shared"><inp1:SUMMARYSTATUS>SUCCEEDED</inp1:SUMMARYSTATUS><inp1:DOCUMENTID>2889949</inp1:DOCUMENTID><inp1:JOBS><inp1:CHILD><inp1:JOBPATH>/oracle/apps/ess/financials/commonModules/shared/common/interfaceLoader</inp1:JOBPATH><inp1:REQUESTID>3197613</inp1:REQUESTID><inp1:JOBNAME>Transfer File</inp1:JOBNAME><inp1:STATUS>SUCCEEDED</inp1:STATUS></inp1:CHILD><inp1:CHILD><inp1:JOBPATH>/oracle/apps/ess/financials/commonModules/shared/common/interfaceLoader</inp1:JOBPATH><inp1:REQUESTID>3197614</inp1:REQUESTID><inp1:JOBNAME>Load File to Interface</inp1:JOBNAME><inp1:STATUS>SUCCEEDED</inp1:STATUS></inp1:CHILD><inp1:JOBPATH>/oracle/apps/ess/financials/commonModules/shared/common/interfaceLoader</inp1:JOBPATH><inp1:REQUESTID>3197612</inp1:REQUESTID><inp1:JOBNAME>Load Interface File for Import</inp1:JOBNAME><inp1:DOCUMENTNAME>ImportJournal_2021-03-13T21:57:11.965Z.zip</inp1:DOCUMENTNAME><inp1:STATUS>SUCCEEDED</inp1:STATUS></inp1:JOBS><inp1:JOBS><inp1:CHILD><inp1:JOBPATH>/oracle/apps/ess/financials/generalLedger/programs/common</inp1:JOBPATH><inp1:REQUESTID>3197616</inp1:REQUESTID><inp1:JOBNAME>Import Journals: Child</inp1:JOBNAME><inp1:STATUS>SUCCEEDED</inp1:STATUS></inp1:CHILD><inp1:JOBPATH>/oracle/apps/ess/financials/generalLedger/programs/common</inp1:JOBPATH><inp1:REQUESTID>3197615</inp1:REQUESTID><inp1:JOBNAME>Import Journals</inp1:JOBNAME><inp1:DOCUMENTNAME/><inp1:STATUS>SUCCEEDED</inp1:STATUS></inp1:JOBS><inp1:JOBS><inp1:JOBPATH>/oracle/apps/ess/financials/commonModules/shared/common/interfaceLoader</inp1:JOBPATH><inp1:REQUESTID>3197617</inp1:REQUESTID><inp1:JOBNAME>Upload Interface Error and Job Output File to Universal Content Management</inp1:JOBNAME><inp1:DOCUMENTNAME/><inp1:STATUS>SUCCEEDED</inp1:STATUS></inp1:JOBS></inp1:ErpImportBulkDataEvent>