<?xml version="1.0" encoding="UTF-8"?><api-library>   <name>StringLib</name>   <code>STRINGLIB</code>   <version>01.00.0000</version>   <implementationType>JAVASCRIPT</implementationType>   <sources>      <source>         <fileName>StringLib.js</fileName>         <apiDefinitions>            <api apiid="STRINGLIB:01.00.0000:StringLib.js:getStringLength:param">               <classification>ORCHESTRATION</classification>               <classification>XPATH</classification>               <duplicateFnFlag>false</duplicateFnFlag>               <name>getStringLength</name>               <inputParameters>                  <input>                     <icon>/oracle/ics/webconsole/view/images/string_24_ena.png</icon>                     <name>param</name>                     <type>string</type>                  </input>               </inputParameters>               <libraryCode>STRINGLIB</libraryCode>               <outputParameters>                  <output>                     <icon>/oracle/ics/webconsole/view/images/numeric_24_ena.png</icon>                     <name>result</name>                     <type>double</type>                  </output>               </outputParameters>               <unsupportedSyntax>false</unsupportedSyntax>            </api>         </apiDefinitions>         <libraryCode>STRINGLIB</libraryCode>      </source>   </sources></api-library>